,title,Aliexpress
0,Slyme Accented Cone Perc Bong bong bong,Bags
1,Little Birds High Socks Accessories Accessories,Women's Fashion
2,20 Gauge 5/16 Spring Flower L Shaped Nose Ring NOSE RING L-shape NOSE RING L-shape,Jewelry
3,Hare's Ear Bupleurum Rotundifolium Griffithii Flower Seeds Flowers Flowers,Jewelry
4,Blue Lola High-Fidelity Headphones Headphones Headphones,Bags
5,Jet Pack Travel Backpack Pack Pack,Bags
6,Dual Color Leather + Natural Cloth Texture Case For Galaxy A7 2018 Galaxy A7 2018 Galaxy A7 2018,Phones & Telecommunications
7,Ace Nail polish Nail polish,Women's Fashion
8,Free Modern Stylish CV Resume Template in Minimal Style in Microsoft Word (DOC) Format CV CV,Computer
9,24/7™ Classic Contour Plunge Bra Bra Bra,Women's Fashion
10,Other Accessories: OPTIONS_HIDDEN_PRODUCT OPTIONS_HIDDEN_PRODUCT,Women's Fashion
11,Hydration Shampoo Hair Care Hair Care,"Beauty, Health"
12,TerraCycle Stain & Odor Remover - 1 Ltr. C&P: Specialty Cleaners C&P: Specialty Cleaners,Consumer Electronics
13,Elephant Family Tabletop Fountain Fountains Fountains,Jewelry
14,PARIS BEAR PLUSH TOY PLUSH TOY SET PLUSH TOY SET,Toys
15,Times Microwave LMR 240 Prep Tool Accessories Accessories,Consumer Electronics
16,Metallic Hooded Jacket in Blue Jackets Jackets,Bags
17,Down Sock - Unisex|-|Chaussons en duvet - Unisexe Slipper Slipper,Bags
18,Song For My Father - with Bass and Drums Only with bass & Drums only with bass & Drums only,Home
19,"ICE20 9"" Refillable Ice Therapy Bag Factory New Factory New",Bags
20,Berman Center - Jasmine Massager Vibrator Vibrator,Outdoor Fun & Sports
21,SKECHERS MEN'S FOLTEN - RISON LIFESTYLE SHOE CHARCOAL LEISURE-LIFESTYL LEISURE-LIFESTYL,Women's Fashion
22,Tiffany 0TF4160 Black/Transparent Blue / Gray Lens Sunglasses Sunglasses Sunglasses,Bags
23,ADP  Tanaka Hime - HimeHina Anime Dakimakura Japanese Hugging Body Pillow Cover ADP19035-1 Pillow Pillow,Jewelry
24,"SMOKEA 7"" Can Rig w/ Honeycomb Dip Perc Rigs Rigs",Home
25,MOUNTAIN HAT Accessories - HATS - Misc Hat Accessories - HATS - Misc Hat,Bags
26,370 1.55V Silver-Oxide Button Cell Battery Silver-Oxide Button Cell Batteries Silver-Oxide Button Cell Batteries,Consumer Electronics
27,Longines Watch Master Collection Watch Watch,Toys
28,Riot Division -30 Winter Jacket RD-30WJ KHAKI JACKETS JACKETS,Bags
29,MANOLETINA Bailarina plana de mujer MAQUILLAJE 481 481,Men's Fashion
30,Loafer aus geflochtenem Leder in Schwarz Schuhe Schuhe,Men's Fashion
31,Traeger Pure kosher Sea Salt By Jacobsen    SPC155 Grill > Sauces & Rubs Grill > Sauces & Rubs,Home
32,Bungie Tumbler Accessories Accessories,Women's Fashion
33,Rise and Shine Raglan Tee White Kids Kids,Toys
34,BETWEEN THE LINES JEAN mahogany Pants Pants,Bags
35,Strong King HAT HAT,Bags
36,Women's RIP Bitch Muscle Tank by Skygraphx Tank Tops Tank Tops,Home
37,Boba Air Grey Ultra Lightweight Baby Carrier Boba Baby Carrier Boba Baby Carrier,Toys
38,Golden Lighting Tempered Glass Case for Vivo V11 Pro Vivo V11 Pro Vivo V11 Pro,Computer
39,Mister Rogers' Neighborhood Colorful Logo Women's T-shirt Women's T-Shirts Women's T-Shirts,Men's Fashion
40,OROZCO Sol Unisex Sol Unisex,"Beauty, Health"
41,The Quibbler Notecard Souvenirs Souvenirs,Jewelry
42,New York Movie Locations Map Art Art,Outdoor Fun & Sports
43,POLLY TEE T-Shirts T-Shirts,Jewelry
44,Etyek Perchero de piso de Madera y acero - Varios Materiales Percheros Piso Percheros Piso,Men's Fashion
45,Glow in the Dark Halloween Flying Witch on Broom Dangle Belly Ring BELLY RING Dangle BELLY RING Dangle,Jewelry
46,Golden Milk Milks Milks,Home
47,Purple Narwhal Kigurumi X-Tall Kigurumi Kigurumi,Women's Fashion
48,Kabrino Table Lamp ACC_Lighting ACC_Lighting,Jewelry
49,RANGER-301 | BLACK [PREORDER] SHOES SHOES,Women's Fashion
50,Green Reef Organic Vegetable Seeds Vegetable Seeds,Home
51,Ice Silk Pillowcase 5005 Giftware 5005 Giftware,Jewelry
52,Versailles Traditional Antique Platinum Wooden End Table with Scrolled Details end tables end tables,Jewelry
53,Women's Tree Skippers - Charcoal (Charcoal Sole) Shoes Shoes,Women's Fashion
54,California High Leg - Perla Rosa EcoRib Bottoms Bottoms,Bags
55,Summit Climber's Jersey Men's - Vista Jersey Jersey,Men's Fashion
56,Mini Folding Chair Fishing Chairs Fishing Chairs,Outdoor Fun & Sports
57,Greenwich Bay Soap - Lemongrass & Tea (6.4oz) 1 Bar Greenwich Bay Soap Greenwich Bay Soap,Jewelry
58,TXM119 Iconic Iconic,Jewelry
59,"16G 5/16"" - Light Blue Teardrop CZ 14K Rose Gold Straight Barbell Nipple Ring Nipple Ring",Jewelry
60,Smite Hindu Pantheon T-shirt T-shirts T-shirts,Jewelry
61,Strawberry Cream 10ml - Flavorah Flavour Concentrates Flavour Concentrates,Bags
62,Women's AIR MAX 97 ULTRA LUX SHOE Womens-Kids - WMNS FOOTWEAR - WMNS Nike - Running Womens-Kids - WMNS FOOTWEAR - WMNS Nike - Running,Women's Fashion
63,Bella 8413 Triblend Tees Women's Crewneck Tees Women's Crewneck Tees,Women's Fashion
64,SHINE ON YOU 25MM Blush / Black simple-bundle simple-bundle,Jewelry
65,GameSir G6/G6s Mobile Gaming Touchroller for iPhone Touchroller Touchroller,Phones & Telecommunications
66,Gymshark Raid Shorts - Light Grey Mens Shorts Mens Shorts,Bags
67,Juicy Couture Viva La Juicy Soiree For Woman Boxed Perfume Boxed Perfume,Women's Fashion
68,Bible Trivia Challenge Cards® Challenge Cards® Challenge Cards®,Toys
69,Solid Color Half Sleeve Bikini Swimwear One-Piece Swimwear One-Piece Swimwear,Women's Fashion
70,Mini Ritual Candles White (Pack of 20) Mini Ritual Spell Chime Candles Mini Ritual Spell Chime Candles,Jewelry
71,Costum din Lana Bordo BMan241 Costume barbati Costume barbati,Women's Fashion
72,10L Roll Top Waterproof Stuff Sack R-PVC By Maratac Bags Bags,Home
73,Chakra Worry Stone Stone Stone,Home Improvement
74,MAXKEY CMYW PLUS 27keys Keycaps Keycaps,Women's Fashion
75,Limited Edition Kidrobot Signature White Bothead Sapphire T-Shirt (S-XXL) Cotton Cotton,Jewelry
76,Pastel Flowers Embroidery Tee Shirt SP13661 T-shirt T-shirt,Bags
77,Printed Colourblock Shift Dress dresses dresses,Women's Fashion
78,JOR 0844 Oliver Briefs Color Blue Briefs Briefs,Bags
79,"Nintendo Little Boys Mario And Luigi Character Rainwear Umbrellas, Ages 3-7 Umbrellas Umbrellas",Toys
80,Eye Polish Make-up Make-up,Women's Fashion
81,Blaster Electronics OPTIONS_HIDDEN_PRODUCT OPTIONS_HIDDEN_PRODUCT,Consumer Electronics
82,Suporte para Acessórios Malmo Cru Own Brand Own Brand,Women's Fashion
83,Louisiana Grill Hopper Handle   54220 Grill > Pellet > Parts > Handles Grill > Pellet > Parts > Handles,Consumer Electronics
84,Sleeping Beauty Cross Earrings Jewelry Jewelry,Jewelry
85,zCustom GameCube Controller *Pro* Custom Controller Custom Controller,Toys
86,Supafly Quadcopter Drone Toys Toys,Toys
87,Skull & Bones Black Ombre-Print Trunk Trunks Trunks,Jewelry
88,Hometown Hero Lazer Wolf 300mL Full Line/Sample Pack bundle bundle,Toys
89,Ice Silk Schnelltrocknendes T-Shirt clothes clothes,Bags
90,6 Colors V Neck Stripe Print High Waist Mini Dress Dress Dress,Women's Fashion
91,Carbon Black · Daylight One Sunglasses Sunglasses,Bags
92,Vacuum Air Tight Food Sealer Container Other Utensils Other Utensils,Home
93,Feather-Featherland Thigh Length Robe Lingerie > Sleepwear Lingerie > Sleepwear,Women's Fashion
94,Flirty Kitten Dress Black O/S Lingerie Lingerie,Women's Fashion
95,Griffon Jr Denim - Black Womens - Bottoms - Denim Womens - Bottoms - Denim,Bags
96,GUCCI monogram print track pants DONNA I90 A DONNA I90 A,Women's Fashion
97,Scooby-Doo Funko Pop! Captain Cutler (GITD) #632 Pop! Pop!,Toys
98,P.A.M. B.T.C. Socks (Black) Socks Socks,Jewelry
99,Black Embedded Skull Handle Pocket Knife Knife Knife,Bags
100,Unico 1902010012266 Trunks Alquimia Color Blue Trunks Trunks,Bags
101,Tinuta Bman1366 Tinute barbati Tinute barbati,Other
102,Glow Heating & Vibrating Butt Plug Anal Sex Toys > Butt Plugs Anal Sex Toys > Butt Plugs,Toys
103,Robins Embroidered Christmas Table Runner Cream Homeware-TableRunner Homeware-TableRunner,Jewelry
104,Frida140 Nude Pointed Open Toe Slide on Stiletto Heel Heel Heel,Women's Fashion
105,Dragone Driving Loafer - Brown Men's Shoes Men's Shoes,Women's Fashion
106,8pcs Set Makeup Sets Makeup Sets,Women's Fashion
107,"Vintage Kimono Haori Jacket, Red and Yellow Same Kimono-Haori Kimono-Haori",Bags
108,Taped Black T-Shirt T-Shirt T-Shirt,Bags
109,Baskets équitables tissu et daim Panafrica Harmattan Jean ChaussuresFemmeHomme/Sneakers ChaussuresFemmeHomme/Sneakers,Jewelry
110,Give Thanks Sparkle Stickers® – Large Sparkle Stickers® – Large Sparkle Stickers® – Large,Other
111,Live Fast Band Tee Clothing Clothing,Women's Fashion
112,Premium Niu Da Li /Radix Millettiae Speciosae (16 oz/Bag) Herbs Herbs,Bags
113,綠色彷皮圓釘懷舊行李箱盒子包 bag bag,Bags
114,The Royale Suede - Black/Gum Shoe Shoe,Jewelry
115,Fine Line Side Spliced Hipster Bottoms Bottoms,Bags
116,Chicago Bulls Headwear Headwear,Men's Fashion
117,Thin Dimension Topo Midnight Black/Grey Groove Thin Groove Thin,Women's Fashion
118,Dhaki (Blouse) Blouse Blouse,Bags
119,Tuttolente Paloma Azure Eyewear Eyewear,Women's Fashion
120,men's Forest Super Soft - Shortsleeve Underscrub Underscrub Underscrub,Women's Fashion
121,Ooze Stack Pipe Silicone Bubbler - Black / Red Silicone and Glass Water Pipe Silicone and Glass Water Pipe,Jewelry
122,Coral Colour Dots Maxi Dress Women-Dresses Women-Dresses,Women's Fashion
123,Ann Reclining Loveseat DISCONTINUED DISCONTINUED,Women's Fashion
124,"Tempi Treated ""Made in Japan"" 4 Jeans Jeans",Women's Fashion
125,1 Mountain Walking Pole F500 Hiking pole Hiking pole,Outdoor Fun & Sports
126,Amelia Handbag Handbags Handbags,Jewelry
127,(Blu-ray) Shoumetsu Toshi TV Series Vol. 4 Blu-ray Blu-ray,Toys
128,Jean Petit New Standard Indigo jean jean,Women's Fashion
129,Shyfull Casual Mandarin Collar Pearl Decoration Red T-shirt T-shirt T-shirt,Bags
130,Alan Military Watch Watch Watch,Men's Fashion
131,Basic Tees - Dark Grey T-Shirt T-Shirt,Bags
132,Hoffman Bali Batik 885 60 Hunter Paint Drips By The Yard Fabric Fabric,Home
133,Silver · Clear Purple Fairfax Sunglasses Sunglasses,Jewelry
134,Marauder's Map Highball Glass Set from Harry Potter Mugs & Drinkware Mugs & Drinkware,Jewelry
135,Green Bay Packers Womens Side-Tie Sleeveless Top Apparel Apparel,Women's Fashion
136,Amara 2mm Glove Gloves Gloves,Bags
137,Sky Blue Silk Tie Ties Ties,Jewelry
138,FULLMAG Can Cooler Can Cooler Can Cooler,Bags
139,1866 Indian Head Cent VG Bronze Indian Head Cents Bronze Indian Head Cents,Jewelry
140,Futuristic Skull Zip Up Hoodie Zip Up Hoodie Zip Up Hoodie,Bags
141,Genuine Innokin™ EQ Replacement Pod Cartridges w/ Plexus Coil Coils Coils,Consumer Electronics
142,Mitchell & Ness Atlanta Hawks Pete Maravich #44 71-72 Swingman NBA Jersey Royal Jersey Jersey,Men's Fashion
143,SPEEDWAY SHORT Bottoms Bottoms,Bags
144,Scout | Dark Olive Suede boots boots,Bags
145,Fetish Fantasy Elite Ball Cinch with Anal Bead Pipedream New Pipedream New,Jewelry
146,Liliana Mini Skorts skirts skirts,Women's Fashion
147,Ken Garduno - Aqueduct 4 Original Art Original Art,Men's Fashion
148,I NEED YOU Silver Sequin Dress Short Dress Short Dress,Women's Fashion
149,"Stance E+ 27.5"" 2 Electric Mountain Bike (2020) Bikes Bikes",Outdoor Fun & Sports
150,Wrinkle-Free Speri Shirt button-down button-down,Bags
151,Alani BOOKCASE bookcases bookcases,Home
152,Maddie and Elijah: Loading Content Notebook notebook notebook,Computer
153,Ultra Thin Bracelet 38 mm - Rose gold Watch Watch,Bags
154,Eco Chunky Cable Sale Throws Sale Sale,Women's Fashion
155,Ultra Trail Running Bag 15 L Water bag Water bag,Bags
156,Realborn® Joseph Arms - #1213 Vinyl Parts Vinyl Parts,Home
157,Oris Artelier Greenwich Mean Time Limited Edition Men's Watch 01 690 7690 4081-Set LS Watches Watches,Jewelry
158,Melissa Inside Zip Tall Shoes Shoes,Women's Fashion
159,14k Two-Toned Yellow and White Gold Link Men's Necklace with Beads Necklaces Necklaces,Jewelry
160,BeeBee Organic Cotton Beeswax Food Wraps in Whale Print - pack of 3 Kitchen Goods Kitchen Goods,Home
161,Climbing Rope Rappel 8.6 mm 50M/ 164FT Climbing rope Climbing rope,Outdoor Fun & Sports
162,Dinner Lady Tuck Shop Apple Sours E-Liquid E-Liquid,Consumer Electronics
163,SEAL Team Camouflage Logo White Mug Drinkware Drinkware,Bags
164,Leonisa High Cut Classic Shaper Panty Shapewear Shapewear,Women's Fashion
165,Sheer Plaid Socks socks socks,Jewelry
166,*Closeout* STM Relocated Coolant Overflow Reservoir for Evo 8/9 (NO CAP) Coolant Overflow Coolant Overflow,Phones & Telecommunications
167,Ready Set Sports Bra - Mint Sports Bras Sports Bras,Outdoor Fun & Sports
168,Prilep Mesas Laterales de MDF Laqueado; Fibra de Vidrio - Varios Colores Mesas Laterales Mesas Laterales,Men's Fashion
169,Mini Carbon Fiber Jogger Stun Gun Default type Default type,Bags
170,Dr. Comfort Women's Mallory Casual Comfort Dress Shoes Casual Footwear Casual Footwear,Women's Fashion
171,SUNLITE 50w R20 120v Orange Colored R Type Light Bulb Incandescent Bulbs Incandescent Bulbs,Consumer Electronics
172,"Seasons Greetings Wood Sign 7"" x 7"" Seasonal Seasonal",Home Improvement
173,Camila62 Black Multi Buckle Stacked Ankle Boot Boot Boot,Jewelry
174,EST 2013 Black Long-Sleeve T-Shirt Mens Mens,Bags
175,Heather Ashes Simple Product Simple Product,Consumer Electronics
176,Dragon Circle Playmat Playmat Playmat,Toys
177,B Ultra Glossy Lip Ultra Glossy Lip,Women's Fashion
178,Stride Adjustable Sports Bra - Deep Print Clothing Clothing,Women's Fashion
179,Cuttwood Manic Mint | Peppermint in 15ml Juice Juice,Jewelry
180,Sentimental Journey - for Guitar Guitar Guitar,Toys
181,plain Solid bucket hat reversible Headwear Headwear,Bags
182,Sensationnel Cloud 9 What Lace? Lace Front Wig - Solana Synthetic Lace Front Wig Synthetic Lace Front Wig,Jewelry
183,Gunmetal Iris Flat Clutch Bag Crossbody Bags Crossbody Bags,Bags
184,Kalita Wave Kettle Merchandise Merchandise,Home
185,Nevermore Sold Out Sold Out,Women's Fashion
186,Classix Double Whammy Dildo Dildo Sex Toys > Double Ended Dildos Dildo Sex Toys > Double Ended Dildos,Toys
187,Trousers #49 in Black Cart2cart Cart2cart,Men's Fashion
188,SPEED STRIPE LOGO JOGGER Apparel Apparel,Women's Fashion
189,Group Photograph Bon Jovi T-Shirt T-shirts T-shirts,Men's Fashion
190,MIAMI HEAT MIDI SKIRT SKIRTS SKIRTS,Women's Fashion
191,"Blue Tibetan Om Singing Bowl - 4 inch, 5 inch, 6 inch Singing Bowl Singing Bowl",Computer
192,Unexpected Signature Eyeshadow Signature Eyeshadow,Women's Fashion
193,Classic Checkerboard Slip On - Ultramarine/True White shoes shoes,Jewelry
194,Good Vibes Anklet Anklet Anklet,Bags
195,Adcraft SG-811 Sandwich Grill With Grooved Plates Panini Grill Panini Grill,Jewelry
196,IMPACT CREWNECK L-R-G Men's Heavyweight Knits L-R-G Men's Heavyweight Knits,Women's Fashion
197,"LK for Samsung Galaxy Note 9 Screen Protector, Tempered Glass [Case Friendly][Alignment Frame Easy Installation][3D Curved][Full Coverage] with Lifetime Replacement Warranty Screen Protector Screen Protector",Phones & Telecommunications
198,Blue Raspberry - InstaPod Disposable Disposables Disposables,Jewelry
199,Coal Draped Twill SS One Pocket Shirt Shirts Shirts,Jewelry
200,MGZ Black Phone Case Phone & Tablet Cases Phone & Tablet Cases,Phones & Telecommunications
201,Ruoff - Bamboo Utensil Holder D: 5.99/1.99 I: 9.99/3.99 D: 5.99/1.99 I: 9.99/3.99,Jewelry
202,women's Black Basa - Maternity Scrub Top Scrub Top Scrub Top,Women's Fashion
203,Elume Kiwi Waterlily Candle Candle Candle,Jewelry
204,Mesh Tube Dress & G-String Set Lime O/S (Neon) Lingerie Lingerie,Women's Fashion
205,Dream Ball Pendant Pendant Pendant,Jewelry
206,"""P"" Alphabet Charm Pavé Diamonds Jewelry Jewelry",Jewelry
207,BLACK DYE-SUBLIMATED PBT KEYSET keycaps keycaps,Bags
208,Birkenstock Kids' Astee Shoes Footwear Footwear,Women's Fashion
209,Women's Tree Breezers - Twilight (Blue Sole) Shoes Shoes,Jewelry
210,Varsity Stickers Stickers Stickers,Jewelry
211,Cosmos Sunglasses Sunglasses Men Sunglasses Men,Jewelry
212,Pierce Pendant RESALE RESALE,Jewelry
213,Sago Palm Sago Palm Sago Palm,Phones & Telecommunications
214,Clever 2409 Marco Boxer Briefs Color Black Boxer Briefs Boxer Briefs,Bags
215,Commander | Tobacco boots boots,Bags
216,REFLEX Turquoise Slap Silicone Watch LED Digital Display Unisex PD0019 Turquoise Watches Watches,Jewelry
217,Kinetic Train Bottom Bottom,Toys
218,2 Set of Heart Charm Bracelets with Austrian Crystals Jewelry Jewelry,Jewelry
219,"Nexus Rope Bracelet, Sterling Silver Bracelets Bracelets",Jewelry
220,Kingma Aksiyon Kamera Kafa Bandı Aksiyon Kamera Aksesuarları Aksiyon Kamera Aksesuarları,Other
221,Womens Distressed Black Zipup Apparel Apparel,Women's Fashion
222,GCDSxBARILLA GIFT BOX Gadgets Gadgets,Consumer Electronics
223,Layered Dotty Burgundy Silk Dress Evening Dresses Evening Dresses,Women's Fashion
224,Varvarin Light Grey Tricots / Sweaters Tricots / Sweaters,Jewelry
225,Multi-Design Punk 3D Skull Slim Tank Tops Tank Tops Tank Tops,Women's Fashion
226,Flow | Ceramic Straightening Brush Flat Iron Flat Iron,Home Improvement
227,GUCCI clamp belt Belt Belt,Men's Fashion
228,Old School High Top Sneakers . Tire Black M M,Bags
229,Marvel Funko Pop! Cosmic Ghost Rider (with Baby Thanos) (Pre-Order) Pop! Pop!,Toys
230,Passion Fruit Pillar Candle 3X4 Candles Candles,Jewelry
231,Charter Club Intimates Bright-White Lace-Trim Embroidered Night-Gown Sleep & Lounge Sleep & Lounge,Women's Fashion
232,Cammello Large Lady Bag - Antico Large Lady Bag Large Lady Bag,Bags
233,Call Me Emoji [Free Download iPhone Emojis] Free Download Emoji Icons 10 Free Download Emoji Icons 10,Phones & Telecommunications
234,Altona Coffee Table Coffee Tables Coffee Tables,Outdoor Fun & Sports
235,3-Pack Baby Boys Penguin Thermal Long Sleeve Onesies® Bodysuits onesies onesies,Women's Fashion
236,"2"" Thick Chair Pad | Dusty Rose | Skid Proof Backing Seat Cushion with Premium Velvet Fabric, Straps and Removable Zippered Covers Cushions Cushions",Bags
237,Layna - Black Suede Pull On Chelsea Boot With Diamante Trim Around Sole Garment Garment,Jewelry
238,Harry Potter Platform 9 3/4 Striped Beanie Hats Hats,Jewelry
239,Twill Starter Sheet Set Bedding Bedding,Home Improvement
240,Efest 18650 Silicone Battery Case Vape Accessories Vape Accessories,Women's Fashion
241,"1837 Large Cent Plain Cord, Small Letters VG United States Large Cents United States Large Cents",Home
242,Feature x New Era Dreamland V2.0 Cap - Black RO#530 RO#530,Men's Fashion
243,Seashell Hoops Rose Gold EARRINGS EARRINGS,Jewelry
244,MOPE: Come Back Tomorrow Print Art Art,Women's Fashion
245,The Autumn Collection Crafted by Ohm Slaw - Pretzld eJuice eJuice,Home
246,Cadmium Core Quartz Banger Nail dab tool dab tool,Computer
247,Nike Air Max 270 React Pop Art (Electro Green / Yellow Ochre / Obsidan) trainers trainers,Men's Fashion
248,Striped Long Sleeve Buttoned Top Product Product,Bags
249,The North Face - Base Camp Fuse Box White & Black Bags Bags,Bags
250,Speedwick Speed Shorts Apparel Apparel,Women's Fashion
251,ROSE- BLACK / WHITE - PURPLE MIRROR LENS ROSE ROSE,Bags
252,"AmazonBasics 5-Shelf Shelving Storage Unit, Metal Organizer Wire Rack, Chrome Silver aws aws",Jewelry
253,Super Berry Supplement Powder Duo Supplements Supplements,"Beauty, Health"
254,Zeela Stylish Everyday Long Tunic - Maroon Tops Tops,Women's Fashion
255,Schal Billie 996 996,Other
256,Mountain Navy Tote Bag Tote Bag Tote Bag,Bags
257,Berlin Door Set with Otto Lever - Flat Black Small Backplate Door Sets - Modern Small Backplate Door Sets - Modern,Home
258,EmBrace ™ Frame Frame Frame,Jewelry
259,5.11 H2O CARRIER W/B POUCH WEBBING WEBBING,Other
260,Diorskin Forever Compact Podkład w kompakcie SPF 25 nr 022 Cameo 10g Zdrowie i uroda > Higiena osobista > Kosmetyki > Makijaż > Makijaż twarzy > Podkłady i korektory Zdrowie i uroda > Higiena osobista > Kosmetyki > Makijaż > Makijaż twarzy > Podkłady i korektory,Computer
261,"Boucherouite rag rug, 3.2ft x 3.9ft Boucherouite Rug Boucherouite Rug",Jewelry
262,Ride a Bike Stationery Organiser Pencil Cases Pencil Cases,Bags
263,隱形口罩 (標準尺寸 / 3入) __generic __generic,Other
264,Silver Salt Water Sandals Shoes Shoes,Jewelry
265,LAQUAN SMITH SCAMMER 3M TRANSPORTER BACKPACK BACKPACK BACKPACK,Bags
266,Mon Cherie Rosa Lolybags Lolybags,Home
267,Spyder LED Tail Lights -  Incandescent Model only -Black 10-14 4X4ANYTHING 4X4ANYTHING,Automobiles & Motorcycles
268,Hocus Pocus | Mary POP! PEN TOPPERS VINYL FIGURE VINYL FIGURE,Jewelry
269,黑色彷皮併色皮帶結五金名牌斜背包 bag bag,Bags
270,Full Stretch Fit Sandal - FLY29506 / 314 033 Shoes Shoes,Women's Fashion
271,Voopoo Drag 2 Platinum Kit DTL Kit DTL Kit,Bags
272,West Virginia Mountaineers Milan Pusker PZLZ Stadium Toys Toys,Toys
273,YOUTH PREMIUM TEE - SILVER GREY SHORT SLEEVE SHORT SLEEVE,Bags
274,Dropdown Adapter - 14mm Female to 18mm Female glass adapter glass adapter,Computer
275,7 Chakra Healing Crystal Grid Kit Crystal Grid Crystal Grid,Jewelry
276,Sensationnel Empress Synthetic Lace Wig - Kylie Synthetic Lace Front Wig Synthetic Lace Front Wig,Jewelry
277,BRANDEN Sculpture (Set of 2) Sculpture (Set of 2) Sculpture (Set of 2),Jewelry
278,Layered Pearl Necklace JWLRY JWLRY,Jewelry
279,Pink Floyd 2006 Vintage Tee Tees Tees,Jewelry
280,Cocubes (3 Tests) General Test General Test,"Beauty, Health"
281,SKY FULL OF STARS Short Dress Short Dress,Women's Fashion
282,Атласная ночная сорочка с кружевными вставками 2070 Mirabella white Сорочка Сорочка,Bags
283,Leopard Print Mickey Mouse Bandhnu Mini Dress Mini Dresses Mini Dresses,Women's Fashion
284,"Rubberized Hybrid Shock Absorption Protective Case With Rotatable Ring Stand, Black Phone Cases & Covers Phone Cases & Covers",Automobiles & Motorcycles
285,Strawberry Cheesecake Ice Cream Ice Cream,Outdoor Fun & Sports
286,Grand Seiko Quartz SBGX331 / Current price Quartz Quartz,Jewelry
287,Genialbau ™ Hundezahnbürste-ungiftiger Naturkautschuk haustier haustier,Other
288,12-Volt Hi-Brightness Red Lamp Assembly (2-Pack) Mini Lamps Mini Lamps,Computer
289,Carhartt WIP Madison Cord Shirt (Dusty Mauve / Cinder) Casual Shirts Casual Shirts,Jewelry
290,"White Turtleneck Blouse, Extra Long Sleeves Top, Turtle neck top with thumbholes Tops & Tunics Tops & Tunics",Women's Fashion
291,1920 - Besame Red Lipstick Lipstick Lipstick,Women's Fashion
292,K&N Performance 77 Series High Flow Intake Kit 99-04 Toyota 3.4 V6 4X4ANYTHING 4X4ANYTHING,Automobiles & Motorcycles
293,燕三條兩用易握削皮器 __generic __generic,Other
294,Spain Run Tee - Men's MTO MTO,Men's Fashion
295,ZF Alpine Sticker Stickers Stickers,Outdoor Fun & Sports
296,HATHI ACE STONE GREY Sunglasses Sunglasses,Jewelry
297,"26162 6'8"" Sumo Sumo (Surfboard) Sumo (Surfboard)",Outdoor Fun & Sports
298,Uni-ball Signo Angelic Color Gel Pen - 8 Colors Pens Pens,Bags
299,Celestial Jewelry Jewelry,Jewelry
300,MIAMI TIE DYE BASKETBALL SHORT 175 MENS SHORTS 175 MENS SHORTS,Bags
301,ANANAS by UNDZ WOMEN CHEEKY edition Apparel Apparel,Home
302,Rose Gold Jewelled Dusted Drop Heart Earrings Accessories Accessories,Jewelry
303,Rectangular Green Morganite Ring - 925 Sterling Silver Ring Ring,Jewelry
304,Teaser Blue Raw Tweed Shorts shorts shorts,Bags
305,Coconut Oil Natural Handmade Soaps (Orange) (Pack of 4) Soaps Soaps,Jewelry
306,AIRPOWER SANTA LOW RIDER 230cm Christmas Inflatables Christmas Inflatables,Toys
307,Shyfull Casual Off The Shoulder Printed Side Split Multicolor Ankle Length Dress Plus Size Dress Plus Size Dress,Women's Fashion
308,Pan - Tsumeawase 19 Physical Physical,Outdoor Fun & Sports
309,Woods Credenza Table Table,Jewelry
310,EVA Fresh Print Clothes Quilt Storage Bag Waterproof Storage Bags Storage Bags,Bags
311,Silver Cross Cushion - Boucle Cloud Cushions Cushions,Jewelry
312,Kids Lola Solid Tee Clothing Clothing,Women's Fashion
313,Onevape Lambo Ultra-Portable Vape Pod Starter Kit Hardware Hardware,Consumer Electronics
314,Labradorite Filigree Earrings Earrings Earrings,Jewelry
315,Scary Stories - Monsters Shirt Shirt,Bags
316,Cascade Mini Dress RTW RTW,Women's Fashion
317,Generation - Pink Mughal Lace-up Shirt Womens Apparel Womens Apparel,Women's Fashion
318,Huidai Paprika Bas / Bottoms Bas / Bottoms,Bags
319,Large Packable Backpack Backpacks Backpacks,Bags
320,Cryptocoryne Spiralis Live Plants Live Plants,Toys
321,2802GD - Garment Dyed Short Sleeve Boyfriend Tee T-Shirt T-Shirt,Bags
322,Pleasure Flipped Logo Tee - Squash Apparel Apparel,Women's Fashion
323,HARVEST MOON SKIRT SKIRT SKIRT,Bags
324,"Classic Ombre Chestnut Clip-Ins - 20"" (160g) Super Luxurious Set (160 grams) Super Luxurious Set (160 grams)",Bags
325,Black Utility Zip Jumpsuit Jumpsuit Jumpsuit,Bags
326,"Jake Shimabukuro - Love, Peace, Ukulele Noten & Songbooks Noten & Songbooks",Women's Fashion
327,GREEN GROWS par Louise Robert Design | SUPER SOCK laine Polychrome Laine à tricoter Laine à tricoter,Women's Fashion
328,Womens Office Mimosa Two Part Mid Sandal Fuchsia Nubuck Uk Size 5 High Heels High Heels,Women's Fashion
329,Extrem Gemütliche Jacke für den Herbst/Winter Kleidung Kleidung,Outdoor Fun & Sports
330,Dinner Plates Dinnerware Dinnerware,Jewelry
331,Bubble Wash : Blueberry : Hypoallergenic Bubble Wash Bubble Wash,Bags
332,Shepard - Cream Celana Panjang Celana Panjang,Bags
333,Leaf Motif Drop Earrings with Cubic Zirconia in Sterling Silver Earrings Earrings,Jewelry
334,Norris Medium Rug Medium Rug Medium Rug,Jewelry
335,Kamen Rider S.I.C. Kamen Rider Kuuga (Mighty Form) Kamen Kamen,Men's Fashion
336,Whitney Emerald 3 Piece Set Lingerie Set Lingerie Set,Women's Fashion
337,Suavecita Script Beanie - Black Hats & Beanies Hats & Beanies,Jewelry
338,Robocop ReAction Figure - Robocop (Glow in the Dark) Figures Figures,Toys
339,108 Amber Mala Beads 6/8/10mm Beads Beads,Jewelry
340,"Incense Holder King Tut (Each) Incense Burners, Incense Holders & Accessories Incense Burners, Incense Holders & Accessories",Jewelry
341,Powder Bronzer Refill Makeup Makeup,Women's Fashion
342,Linen Duvet Cover - Last Call Bedding Bedding,Home Improvement
343,Belt slakke måleverktøy. Verktøy Verktøy,Jewelry
344,"Free Shipping | 2 Pack Mathez Chocolate Truffle with Candied Orange Peels, 8.8 oz (250 g) Bulk Bulk",Bags
345,Jasper Bones Logo Tee T-Shirt T-Shirt,Bags
346,Nexus Virtual Port Channels (vPC) Video Course Video Course,Computer
347,RollPlay Dad Hat Hat Hat,Bags
348,Trippy Tee Tees Tees,Women's Fashion
349,Liberator Replacement Skirt Replacement Parts Replacement Parts,Bags
350,Cruise BackPack Pro Bag Bags Bags,Bags
351,Shyfull Casual Letter Printed Black Plus Size T-shirt Plus Size T-shirt Plus Size T-shirt,Bags
352,Scott Table Lamp ACC_Lighting ACC_Lighting,Jewelry
353,Black Smooth Triple Pocket Crossbody Bag With Silver Hardware Crossbody Bags Crossbody Bags,Bags
354,Cometic 1994-1997 Civic del Sol / 1999-2000 Civic / 1994-2001 Acura Integra VTEC81mm .018 inch MLS Head Gasket Head Gaskets Head Gaskets,Automobiles & Motorcycles
355,Festive Mini Set of 3 Diffusers Christmas Candles & Diffusers Christmas Candles & Diffusers,Jewelry
356,"""F***ING COOL"" LAYERED SHIRT SHIRTS SHIRTS",Men's Fashion
357,Polka Dot Cheetah Romper Romper Romper,Other
358,Game Boy Pocket Plastic Screen Lens Replacement Parts Replacement Parts,Bags
359,"4.5"" Trunks - Traveler Black Underwear Underwear",Jewelry
360,Genuine Vandy Vape™ Kensei 24 RTA - Rebuildable Tank Atomizer Atomizers Atomizers,Other
361,"14G 1 1/2"" - Red Teardrop CZ  14K White Gold Industrial Piercing Barbell Industrial Industrial",Jewelry
362,Yokai School Girl PRE-ORDER T-shirts T-shirts,Men's Fashion
363,Overnight Laptop Messenger Bags Laptop Messenger Bags,Bags
364,Los Angeles 2019 (Package 1) Event Event,Women's Fashion
365,Vintage Lacy Mesh Hollow Mid-calf Length Socks Socks Socks,Jewelry
366,Passionfruit FA - FlavourConcentrates.com Flavour Concentrates Flavour Concentrates,Phones & Telecommunications
367,Wrangler Sherpa Jacket - Lone Ranger Jackets & Coats Jackets & Coats,Bags
368,Wilson Sleek 3G (460106) Booster Kit Booster Kit,Phones & Telecommunications
369,73231-345-M | PAMPA CUFF WP LUX | VETIVER/OLIVE NIGHT FOOTWEAR FOOTWEAR,Women's Fashion
370,Hero Raglan - Women's APPAREL APPAREL,Women's Fashion
371,Made in USA Hamilton + Todd Snyder Check Dress Shirt Shirt Shirt,Bags
372,2 In 1 Woodworking Straight Hole And Diagonal Hole Positioner Tools & Garden Tools & Garden,Home Improvement
373,GO Torque Ice Pack Combo Packs Combo Packs,Toys
374,Dulcet Ultra Matte Lip Ultra Matte Lip,Women's Fashion
375,Go Walk Evolution Ultra Reach 15730 Black Black Footwear Footwear,Men's Fashion
376,Xiaomi Mi Note 2 Flos Tempered Glass Screen Protector Screen Protectors Screen Protectors,Computer
377,Mousse Modeladora Charming Extra Forte 140ml Marcas Terceiras Marcas Terceiras,Outdoor Fun & Sports
378,Oh La La Cheri Lace Overlay Cage Panty Lingerie Lingerie,Women's Fashion
379,Aquarius Coffee Mug New Coffee Mugs New Coffee Mugs,Jewelry
380,Iced Anchor Pendants Pendants,Jewelry
381,5Sets Standard 12V Bluetooth MP3 WMA Decoder Wireless Module Board Audio Module TF USB Radio Car LCD Screen Remote Controller OLED LCD Display OLED LCD Display,Computer
382,Ravenclaw Robes - Kids Apparel Apparel,Women's Fashion
383,Letter C Silver Megaloons Megaloons,Jewelry
384,Himalayan Massage Ball Beauty - Sunday Rain Beauty - Sunday Rain,"Beauty, Health"
385,Iced Landscape Cardigan Women Cardigans Women Cardigans,Women's Fashion
386,Personalized Jumbo Cork Trivets – Modern Collection D: 9.99/4.99 I: 13.99/6.99 D: 9.99/4.99 I: 13.99/6.99,Women's Fashion
387,6251 Burda Sewing Pattern |   Skinny Pants Sewing Pattern Sewing Pattern,Jewelry
388,"DOLCE&GABBANA black, white and red sorrento logo sneakers DONNA I90 S DONNA I90 S",Women's Fashion
389,The Art of Understanding Your Mate Softcover Softcover,Women's Fashion
390,Racer Legging Apparel Apparel,Women's Fashion
391,Dog Tag- Black Necklace Necklace,Jewelry
392,Light Pink Crochet Mini Skirt KNITWEAR KNITWEAR,Women's Fashion
393,Happy Socks Hamburger Socks Socks Socks,Jewelry
394,Turquoise Bead Bracelet Bracelet Bracelet,Jewelry
395,RuffWear Restcycle Bed Crates and Beds Crates and Beds,Home
396,Diamond - Double Showerhead Bong Bongs Bongs,Jewelry
397,TorpiBeam - Bicycle Tail Light Laser Cycling Cycling,Outdoor Fun & Sports
398,MSM Stay Rad PVC Morale Patch Morale Patches Morale Patches,Outdoor Fun & Sports
399,Bifin Accent Color Components Color Components,Consumer Electronics
400,To Focus Denim Pants pants & leggings pants & leggings,Bags
401,Brush Camo and Black Dog Tag Silicone Teething Necklace Teething Teething,Jewelry
402,Mama Pendant Necklace Necklace Necklace,Jewelry
403,Pendentif sertis rond 8mm Spinel en laiton Doré à l'or fin 24K Apprêts argenté et noir Apprêts argenté et noir,Men's Fashion
404,iPhone 11 Case Thin Fit 360 Case Case,Phones & Telecommunications
405,Delicate Dash Bracelet Bracelet Bracelet,Jewelry
406,Cinnamon Essential Oil - 15mL essential oil essential oil,"Beauty, Health"
407,AIR MAX 1 WOMENS SHOE - BLACK/GEODE TEAL RUNNING RUNNING,Women's Fashion
408,District F5VE - Kupcake 22MM Caps / Drip Tips Caps / Drip Tips,Men's Fashion
409,Hosta Fire Island PLANT PLANT,Home
410,2019 NEUE MODEDAME TASCHEN EINS KAUFEN DREI BEKOMMEN Tasche Tasche,Other
411,Vanilla & Sandalwood Bar Soap Single for 2 Pack Bar Soap Single for 2 Pack,Bags
412,Staedtler Retractable Eraser Erasers & Sharpeners Erasers & Sharpeners,Bags
413,Custom Sly Go-Anywhere Hoodie Men's Hoodies Men's Hoodies,Men's Fashion
414,Games Workshop - Warhammer Underworlds: Beastgrave – Counter Set Miniatures Miniatures,Toys
415,Bungalow 5 Parker Large 5-Drawer Dresser Dresser Dresser,Home Improvement
416,"7"" Vibrating Hollow Strap-On with Balls Pipedream New Pipedream New",Bags
417,The Chinuch Haggadah Book Book,Bags
418,Start To Finish Cargo Jumpsuit - Black Jumpsuits Jumpsuits,Bags
419,Lucky Clover Pop up greeting card Pop up greeting card,Bags
420,Turmeric Powder Cold Ground Spices Spices,Home
421,Sacred Geometry Sri Yantra T-shirt Clothing Clothing,Bags
422,zCustom XBox One S Performance Builder Custom Controller Custom Controller,Toys
423,California Costumes Toys Howling At The Moon Large Hallowween Store Hallowween Store,Toys
424,3 Tier | Metallic Gold Cardboard Cupcake Stand | Cupcake Holder Dessert Stand Cake Stands Cake Stands,Jewelry
425,Pink Cheetah Suede Suspender Skirt Set Perfect Sets Perfect Sets,Jewelry
426,Panamá Optical Resin Eyewear Eyewear,Consumer Electronics
427,"Twisted Sisters - 8"" Mini Beaker Bong bong bong",Computer
428,"Stronger - All New Kindle 6"" 10th Gen (2019) Folio Case (Rose Gold) Folio Case Folio Case",Jewelry
429,LOUISA | Black 24K SUNGLASSES SUNGLASSES,Jewelry
430,Apex Legends Funko Pop! Complete Set of 8 (Pre-Order) Pop! Pop!,Toys
431,Lanyard - Maroon/Yellow Lanyard Lanyard,Bags
432,Liquid Barn Sour eLiquid Extract (Flavor Enhancer) Flavors Flavors,Consumer Electronics
433,"Aromatic Treatment 0.2 oz / 5 ml fragrance & gifts, candles & home scents fragrance & gifts, candles & home scents",Home Improvement
434,Straight Out Of Italy Mules // Natural Shoes Shoes,Women's Fashion
435,Long Sleeve Cotton-Blend Round Neck Dresses Dresses Dresses,Women's Fashion
436,Marled Cashmere Turtleneck in Navy Sweater Sweater,Jewelry
437,Fantastic Beasts: The Crimes of Grindelwald&trade; Newt's Silhouette Hoodie Jackets & Sweatshirts Jackets & Sweatshirts,Men's Fashion
438,<b>Ghospell</b> Mystic Mirage Wide Leg Trousers Trousers Trousers,Men's Fashion
439,React Element 87 Neptune Green Sneakers Sneakers,Men's Fashion
440,Microphone Repair -  Xiaomi Redmi Note 6 Pro Repairs Repairs,Phones & Telecommunications
441,Pendentif Arbre de vie en Argent 925 Doré 24K Breloques Breloques,Women's Fashion
442,Harmony Mesh Contour Bra bras bras,Women's Fashion
443,Paris Faux Leather Belted Circle Bag - Red Handbags Handbags,Jewelry
444,Pologize™ Casual Wallet Wallet Wallet,Women's Fashion
445,Retro Easy Emblem 5-Panel Hat Hats Hats,Men's Fashion
446,Ice Scraping Car Cone Car Accessories Car Accessories,Women's Fashion
447,Static Fleece Track Shorts - Black Marl Clothing Clothing,Women's Fashion
448,Zipper Hook Dressing Aids Creative & Gifts Creative & Gifts,Bags
449,Robotech ReAction Figure - Valkyrie VF-1D Figures Figures,Women's Fashion
450,Octopus Mini Charm Jewelry Jewelry,Jewelry
451,Steam Arm E-Clip Parts and Repair Parts and Repair,Home
452,Autumn Winter Basic Gentle Vintage Faux Leather Faux Fur Gloves ACCESSORIES ACCESSORIES,Jewelry
453,紅色彷皮圓釘菱格絎縫斜背包 bag bag,Bags
454,LED Luminous Golf Ball Golf Balls Golf Balls,Toys
455,Green And Golden Leaves One-piece Swimsuit One Piece One Piece,Home
456,Custom options for Dominique: Thic Sex Doll mw_product_option mw_product_option,Home Improvement
457,Button Cardigan in Fuschia Cardigans Cardigans,Bags
458,Petite Ribbed Button Cuff Long Sleeve Tee in Black Top Top,Women's Fashion
459,Jasmine Sex Doll (Thick WM 163cm) Love Doll Love Doll,Jewelry
460,Ø 40mm · MOON NIGHT Watch Watch,Toys
461,Home Care Toilet Freshener Freshners Freshners,"Beauty, Health"
462,2 Sets of Baguette Crystal Adjustable Bracelet Trio Chain & Link Bracelets Chain & Link Bracelets,Jewelry
463,Pink Gameboy iPhone Case - 10 games included! Phone Cases Phone Cases,Phones & Telecommunications
464,104277-100 | LRG X KSWISS TEE | WHITE APPAREL APPAREL,Women's Fashion
465,3mm Bold Diamond Prong Nose Ring Stud Nose Ring Nose Ring,Jewelry
466,Distorted Skies Men's Tank Top Men's Tank Tops Men's Tank Tops,Women's Fashion
467,The Realist OTS Tankini Top Tops Tops,Women's Fashion
468,Van Cortlandt Long Sleeve Men Men,Men's Fashion
469,Sea Green Shell Bikini Set Swimwear Swimwear,Women's Fashion
470,Dethonray - DTR1 Leather Case Accessories Accessories,Jewelry
471,Arcata Knit Boots - Women's|-|Bottes Arcata Knit - Femme Boot Boot,Women's Fashion
472,Vortex Pullover Hoodie Pullover Hoodies Pullover Hoodies,Bags
473,XR Brands Master Series Clear Hollow Anal Plug Novelties Novelties,Men's Fashion
474,MYLE Pods Iced Quad Berry ❄️ Replacement Pods Replacement Pods,Computer
475,Safety Yellow IWB KYDEX Holster Color IWB KYDEX Holster Color IWB KYDEX Holster,Bags
476,Large Square | White Marble Print | Number 0 | 1Rainbow & 1Orange Customizable Arrangements Customizable Arrangements,Home Improvement
477,Combat Cocoa Canister Cocoa Cocoa,Home
478,zCustom PS4 Performance Model V2 Custom Controller Custom Controller,Home Improvement
479,Confessions Printed Ruffle Dress Daytime Dress Daytime Dress,Women's Fashion
480,Harry Potter Books 1-7 Special Edition Boxed Set - Illustrated by Kazu Kibuishi (Paperback) Books Books,Home
481,QW Amish Mapleton Nightstand Bedroom Bedroom,Home Improvement
482,"Trail King Steel Bead 26"" Bike Tire Tires Tires",Automobiles & Motorcycles
483,"Mustard Yellow Knit & Fox Appliqué Button Up Sleeved Cardigan Womens, TOPS, SWEATERS Womens, TOPS, SWEATERS",Jewelry
484,White Double Strapes Bikini Bottom Bikini-Bottom Bikini-Bottom,Women's Fashion
485,Grass-Fed Beef Chili Made With Bone Broth (BYB6) Soups Soups,Bags
486,High Waist Panel Bikini Bottom - Leilani High Waisted High Waisted,Women's Fashion
487,KeyTool 8合1迷你鑰匙圈工具組 __generic __generic,Other
488,SWEATER KNIT POLO - BLACK Sweaters Sweaters,Bags
489,"Intelligentes Automatisches Ladekabel für Android, iOS & Typ C Handys & Zubehör Handys & Zubehör",Phones & Telecommunications
490,Gadget Guard Black Ice Glass Screen Guard for moto e⁶ accessory accessory,Jewelry
491,Polyester Chiffon Rod Pocket Curtains - Light Pink Polyester Chiffon Rod Pocket Curtains Polyester Chiffon Rod Pocket Curtains,Jewelry
492,Essential Fx Acyl-Glutathione Rejuvenating Moisturizer Packette Essential Fx Acyl-glutathione Essential Fx Acyl-glutathione,"Beauty, Health"
493,Boho Bliss Tassel Earrings Earrings Earrings,Jewelry
494,Mummi ja Minä Pyykkietikka - Polkkakarkki Koti Koti,Men's Fashion
495,Star Warz Condoms - Trooper Funny Condoms Funny Condoms,Automobiles & Motorcycles
496,"Tassels Ring Series - Apple Lightning Fast & Durable Charging Cable / Data Transfer - Tassels Style Key Chain - Stylish, Fashionable, Creative, Convenient Data Transmission&Charging Cable Data Transmission&Charging Cable",Phones & Telecommunications
497,"Dr Love's Deemun Extra Girth Enhancer 7 x 2"" Male Enhancement > Extenders and Sleeves Male Enhancement > Extenders and Sleeves","Beauty, Health"
498,14k Rose Gold Adjustable Box Chain 0.7mm Chains Chains,Consumer Electronics
499,Job Success Packages for Executives and Senior Management Services Services,Home
500,Hirundo Dust Mite Killing Pad Houseware Houseware,Home
501,Crystalize-708 Sandals Sandals,Jewelry
502,Francina Tunic - Violet Wildflower Caftans Caftans,Other
503,weBoost Drive 4G-X RV | 470410F (Canada) For Car / Truck For Car / Truck,Automobiles & Motorcycles
504,Fairfax Gemstone Choker Necklace Necklace,Jewelry
505,"Patriotic Polyester Bunting, Medium | 1 ct Party Supplies Party Supplies",Consumer Electronics
506,After A While Light Wash Distressed Girlfriend Jeans Bottoms Bottoms,Bags
507,Skinnydip x Soph Sundial Charm Necklace Necklace Necklace,Jewelry
508,Large Diamond Stack Band Rings Rings,Jewelry
509,Linen | Burlap Swatch Swatch,Bags
510,Air Max 1 Master MENS FOOTWEAR - Nike - QuickstrikeTier 0 MENS FOOTWEAR - Nike - QuickstrikeTier 0,Men's Fashion
511,Fliponn Traditional Wear White Digital Print Kurti Kurtas & Kurtis Kurtas & Kurtis,Women's Fashion
512,Eddie Black Mark Eyewear Eyewear,Men's Fashion
513,Nine West NW5172 Eyeglasses Eyeglasses Eyeglasses,Other
514,MEN'S SCALLOP TEE - WHITE SHORT SLEEVE SHORT SLEEVE,Bags
515,Leather Laces | Burgundy Shoe Care Shoe Care,"Beauty, Health"
516,Ruched In Dress Dresses Dresses,Women's Fashion
517,Mercedes-Benz 3D Sculpting Pattern Case for iPhone XS iPhone XS iPhone XS,Phones & Telecommunications
518,Cravata Crosetata Albastra cu Dungi Bman377 Accesorii barbati Accesorii barbati,Other
519,Shima Caftan in Stripe Cart2cart Cart2cart,Computer
520,Ocean Avenue Necklace Necklace Necklace,Jewelry
521,The Sunbather One Pieces One Pieces,Home
522,"Disney Minnie Mouse Dress Up Headband and Tutu Set, Baby Girls, Age 0-12M Baby Products Baby Products",Women's Fashion
523,Fashion Casual Lapel Decorative Button Blazer Coat Coat,Women's Fashion
524,3mm Round Cut Tennis Necklaces Bundle in Yellow Gold Chains Chains,Jewelry
525,Sirius Deluxe Market Tote Tote Tote,Jewelry
526,"T-shirt, Ulfhedinn, Army Khaki T-shirts T-shirts",Bags
527,EMAX Hawk Sport / Pro Parts - Bottom Plate Frame Parts Frame Parts,Computer
528,Dino Plant Plant Plant,"Beauty, Health"
529,Energy Savings Rebate Tax ESRT ESRT,Home
530,Cashmere Latex Boxtop Mattress Mattress,Jewelry
531,Kale Seed Packets Vegetable Seeds Vegetable Seeds,Home
532,Shyfull Casual Printed Patchwork Yellow Mini Dress Dresses Dresses,Women's Fashion
533,Cross Strap Front Top Tops Tops,Women's Fashion
534,BOYS COLORBLOCK POLO S/S KNIT FASHION S/S KNIT FASHION,Women's Fashion
535,T-Shirt à imprimé pour hommes Apparel Apparel,Bags
536,Folded Coin Purse in Pistacchio Cart2cart Cart2cart,Bags
537,Water Punch Playmat Bag Playmat Bag Playmat Bag,Bags
538,909 v2 Bikes Bikes,Outdoor Fun & Sports
539,AR Flag Patch Trucker Hat - Black w/Black Mesh Hat Hat,Bags
540,Fenestra Tarot Deck Deck,Home Improvement
541,Striped Knitted Long Sleeve Sweaters TOPS TOPS,Jewelry
542,Color OPTIONS_HIDDEN_PRODUCT OPTIONS_HIDDEN_PRODUCT,Women's Fashion
543,"FREE Shipping | 2 Pack Coop's Handmade Vegan Hot Fudge, 10.6 oz x 2 Bulk Bulk",Jewelry
544,Reiki Herbal Votive Candle Joy (Box of 18) Herbal Votives Herbal Votives,"Beauty, Health"
545,Embrace Your Food - Crew Neck Sweatshirt Crew Neck Sweatshirt Crew Neck Sweatshirt,Bags
546,Uruz Rune Ornament Ornament Ornament,Jewelry
547,Pounce Tote Bag in Camel Cart2cart Cart2cart,Bags
548,Clearance -  Quince Pendant Lamp Pendant Lamp Pendant Lamp,Jewelry
549,Polyester Chiffon Rod Pocket Curtains - Baby Blue Polyester Chiffon Rod Pocket Curtains Polyester Chiffon Rod Pocket Curtains,Women's Fashion
550,Ron Brown Poster Poster,Bags
551,Facial Mask: Honey Berry Enzyme Skincare Skincare,"Beauty, Health"
552,Pologize™ Modern Gentleman’s Business Coat Coat Coat,Bags
553,Cotton Muslin Crib Sheet - Prickle Pots Nursery Nursery,Jewelry
554,Raise Crew Neck - Nude Clothing Clothing,Women's Fashion
555,Funko Pop! Rocks: Johnny Cash In Black Action Figures Action Figures,Men's Fashion
556,Black Gold Chain Detail Headband Accessories Accessories,Jewelry
557,Circle Plate Necklace Gold necklace necklace,Jewelry
558,3 Stones Natural Peridot Ring - 925 Sterling Silver Ring Ring,Jewelry
559,High Waisted Pleated Midi Skirt RTW SKIRT RTW SKIRT,Women's Fashion
560,Vitakraft Pet Prod Co Inc - Vitakraft Bursts Small Animal-Treats Small Animal-Treats,Consumer Electronics
561,"Reading On The Run, Continuum Reading Concepts aws aws",Women's Fashion
562,Corino Barbera d'Alba 2013 Barbera Barbera,Men's Fashion
563,Tote Backpack Bags Bags,Bags
564,KRATOS PLUME ROSE GOLD BRACELET Bracelets Bracelets,Jewelry
565,"BIOLITE CAMPSTOVE 2, FLEXLIGHT, PORTABLE GRILL, KETTLEPOT SURVIVAL GEAR COMBO COOKING COOKING",Toys
566,Poria with hostwood / Fu Shen Mu（12 oz/Box） Herbs Herbs,"Beauty, Health"
567,Shyfull Casual Sequined Patchwork Multicolor Pants Pants Pants,Bags
568,Clean Skins - DARTS - 60ML AUS eLiquid AUS eLiquid,Men's Fashion
569,Wyatt Bottom - Powder Bottom Bottom,Other
570,FuriousFPV - RACEPIT OSD Blackbox Flight Controller Flight Controllers Flight Controllers,Toys
571,Abella Danger Danger Combo Combo Packs Combo Packs,Toys
572,Google Pixel 2 or 2 XL 64GB - Unlocked Cellphones Cellphones,Phones & Telecommunications
573,HEALING NATION LONG SLEEVE TEE BLACK L-R-G Men's Tees L-R-G Men's Tees,Women's Fashion
574,Huk Current Long Sleeve Mens Shirts Mens Shirts,Jewelry
575,Captain Marvel T-Shirt T-Shirts T-Shirts,Men's Fashion
576,Mahon Entertainment 1.2M TV Unit - Walnut TV/Entertainment Unit TV/Entertainment Unit,Toys
577,The Sample Palette Staging Staging,Women's Fashion
578,Crew Neck Women A-Line  Polka Dots Dresses Dresses Dresses,Women's Fashion
579,Classy Design® - Adesivo de Parede À Prova D'água Wall Stickers Wall Stickers,Men's Fashion
580,Maranta Prayer Plant in a White Ceramic Pot Houseplant Houseplant,Jewelry
581,Aspire Breeze Starter Kit Pod Mods Pod Mods,Computer
582,X-Man Wingy Magnetic Skewb (Concave) Skewb Skewb,Men's Fashion
583,Cho Chang in Yule Ball Attire Funko Pop! Movies Vinyl Figure from Harry Potter Funko Figures Funko Figures,Toys
584,Curb Chain Saturn Necklace Necklaces Necklaces,Jewelry
585,OLIMPIA MOHAIR MIX SCARF IN BEIGE AND GREY Scarves Scarves,Jewelry
586,College Mascots Michigan State Funko Pop! Sparty #04 Pop! Pop!,Consumer Electronics
587,Large Square | Pink Suede | Number 0 | 1Hot Pink & 1Rose Gold Customizable Arrangements Customizable Arrangements,Jewelry
588,"Linen Placemat,  set of 2, White Magnolia Placemat Placemat",Jewelry
589,"1/4"" ID Beverage Tubing Pumps & Plumbing Pumps & Plumbing",Home Improvement
590,Sexy Sleeveless Pure Colour Two-Piece Jumpsuit Jumpsuit,Women's Fashion
591,"6 mil 55 Gal Drum Liner The 10 Cs (Survival Basics),Survival Gear,Inventory The 10 Cs (Survival Basics),Survival Gear,Inventory",Consumer Electronics
592,Vixen Lace Up Dress RTW RTW,Women's Fashion
593,Campbell Keyring Accessories Accessories,Women's Fashion
594,Romsons Nel Catheter Size FG16 GS-1004 - Pack Of 6 Romsons Romsons,Women's Fashion
595,Grow Your Own Herbal Tea Kits | Urban Greens Urban Greens Urban Greens,"Beauty, Health"
596,S8 CARGO SHORTS SHORTS,Bags
597,I love you Bracelet - 100 Languages ACCESSORIES ACCESSORIES,Jewelry
598,SNR0008K11+SNR0010K11+SNR0012M11 Lathe Boring Bar Stainless Steel 3Pcs wrench+ 10x 11IR A60 Insert Wrench Tool Sets Tool Sets,Jewelry
599,Casual Shirt Configurable Products Configurable Products,Bags
600,"Haină cu mânecă lungă pentru femei, cu nasturi, pentru timpul liber Jachete & Haine Femei Jachete & Haine Femei",Other
601,Artic White · Nebula One  SS14 Sunglasses Sunglasses,Jewelry
602,Rockt Punch Lemon Cake Berserker 120mL EJuice EJuice,Bags
603,AMARO-VIDEO Longsleeve Longsleeve,Computer
604,Marimo ‘Moss’ Ball Plant Plant,Men's Fashion
605,HOSTILE WHEELS // H108 SPROCKET (8L)  ASPHALT  20X9 4X4ANYTHING 4X4ANYTHING,Home Improvement
606,"Harem Pants, Gray Cotton Maxi Pants, Grey Trousers, Drop Crotch Harem Pants Pants & Leggings Pants & Leggings",Bags
607,Sensor inductivo NPN  SN04-N Sensores Sensores,Consumer Electronics
608,Zunn Fashion - Ivory with Anchor Work in Maroon Shirt - WHIV2-5 Womens Apparel Womens Apparel,Women's Fashion
609,Superb - Happy Now DB T-Shirts DB T-Shirts,Men's Fashion
610,Light Grey Embroidered Anarkali Suits Suits,Jewelry
611,Presley Striped Top Tops Tops,Women's Fashion
612,Cthulhu: The Great Old One – Deluxe Edition Board Games Board Games,Toys
613,Casual Round-neck Sleeveless Long Dress Maxi Dresses Maxi Dresses,Women's Fashion
614,Yumbox Panino (4 compartment) ~ Hollywood Pink Yumbox Original Yumbox Original,Jewelry
615,Abstract Fish Statue Statue Statue,Jewelry
616,4 oz. Clear Boston Round with Black Cone Lined Cap (22/400) (V3) (V10) Glass Glass,Jewelry
617,iPV V-IT Mod Mods Mods,Men's Fashion
618,Hellvape Hellcoils Replacement Coils 3-Pack Accessories Accessories,Women's Fashion
619,NOMAD Fur Chunky Boots Ankle Boots Ankle Boots,Jewelry
620,Maya Brooke Plus Size 2 Piece Navy Jacket Short Dress Cocktail Dress Cocktail Dress,Women's Fashion
621,Black 50s Rockabilly Pin Up Dress Vintage Dress Vintage Dress,Women's Fashion
622,"Set of 2 | 9"" Clear Wedding Champagne Flutes | Rustic Wedding Toasting Glasses Decorations Decorations",Jewelry
623,Ultimate Fantasy Dolls - Bianca Doll Doll,Toys
624,Action Camera Handle Accessories Accessories,Women's Fashion
625,Men's Wool Loungers - Tuke Honey (Cream Sole) Shoes Shoes,Jewelry
626,Colorado Bike To Work Day Jersey - Women's MTO MTO,Outdoor Fun & Sports
627,Hamilton Bed - Persimmon Beds Beds,Home Improvement
628,Tyra Tie Front Cropped Bikini Top - Peach Womens - Swimwear - Bikini Womens - Swimwear - Bikini,Women's Fashion
629,Trendy Mental Health Awareness Crystal Tassel Earrings Drop Earrings Drop Earrings,Jewelry
630,UPCYCLED KIMONO LINER Outerwear Outerwear,Women's Fashion
631,Whiskey Records Frisbee Accessories Accessories,Men's Fashion
632,Matte Summer Pomade Men's Grooming Men's Grooming,Women's Fashion
633,Pocketalk Voice Translator Real time language translator Real time language translator,Men's Fashion
634,Bring The World To Live Pants pants & leggings pants & leggings,Bags
635,Varsity Zipper Dress Dresses Dresses,Women's Fashion
636,Buddie Frog School bag Kids BackPack Kids BackPack,Bags
637,Roman Emperor Men'S Halloween Costume Julius Caesar & Greek Toga King Robe Hallowween Store Hallowween Store,Women's Fashion
638,Crssd Liner Crème Gel Liner Crème Gel Liner,Other
639,Strawberry - Inawera Flavour Concentrates Flavour Concentrates,Other
640,"Bandă decorativă pentru împachetat cadouri, model de Crăciun, 5 bucăți de panglică de 2 cm Eveniment & Petrecere Eveniment & Petrecere",Women's Fashion
641,Simpli Pleasure Super Soft 9 Inch Suction Cup Realistic Silicone Dildo Silicone Dildos Silicone Dildos,Jewelry
642,Melide - Dusty Blue Women Sweatshirts Women Sweatshirts,Jewelry
643,Wow Thumbs Light up Your life with Magic Colors Home & Garden Home & Garden,Home Improvement
644,London 6-Piece Queen Panel Bed Package|Ensemble de chambre à coucher London 6 pièces avec grand lit à panneaux|LONDCQP6 Bedroom Package Bedroom Package,Home Improvement
645,2G + 3G + 4G + LTE Paddle Antenna with SMA Plug Accessories Accessories,Phones & Telecommunications
646,Moda Bella Solids 9900 77 Dill By The Yard Fabric Fabric,Home
647,Dinosaur Card Cards Cards,Bags
648,Tulip Simple Soft Girls Panty - Brown L Pakaian Dalam Wanita Pakaian Dalam Wanita,Women's Fashion
649,Bandage Peplum Top DPT_SWEATER TOPS_NTN DPT_SWEATER TOPS_NTN,Bags
650,Charcoal Sheet Mask Sheet Mask Sheet Mask,Bags
651,Renaissance Print Dress Variable Variable,Women's Fashion
652,1902 Indian Head Cent Good Bronze Indian Head Cents Bronze Indian Head Cents,Jewelry
653,"Glow Stick 2 Ct 4"" Orange Accessories Accessories",Jewelry
654,Expandable White Tone Brass Bangle with Pink Enamel Baby Foot Print Symbol Bangles Bangles,Jewelry
655,Loose Gradient Color Casual Sweatershirt Hoodies&Sweatshirts Tops Hoodies&Sweatshirts Tops,Men's Fashion
656,VAPO Battery RM3.0 - High Capacity Battery Battery,Computer
657,Silicone Fob Case for Tesla Model X Key Fob Key Fob,Bags
658,"WCS Safety Razor, The Executive, Black and Grey Hidden Hidden",Bags
659,Leather Lens Luxury Card Holder Case For Vivo V15 Pro Vivo V15 Pro Vivo V15 Pro,Computer
660,Ladies' Casual Long Sleeve Sweater Top Sweaters Sweaters,Jewelry
661,14k White Gold Diamond Cut Round Wheat Chain 1.0mm Chains Chains,Jewelry
662,Hedvig Dining Table DISCONTINUED DISCONTINUED,Outdoor Fun & Sports
663,Silver Scent Intense By Jacques Bogart For Man Boxed Cologne Boxed Cologne,Home
664,Classic white bat sleeve knit cardigan Cardigan Cardigan,Bags
665,The Spitfire Grill (MOD) Blu-ray & DVD Blu-ray & DVD,Computer
666,Sound Just Don Logo Headwear Headwear,Men's Fashion
667,Harry Potter Slytherin Crest Ceramic Mug Mugs & Drinkware Mugs & Drinkware,Jewelry
668,Casual Loose Velvet High-waist Wide-leg Pants Palazzo Pants Palazzo Pants,Bags
669,Charcoal Herringbone Slim Fit Wide Spread Collar Shirt Shirts Shirts,Men's Fashion
670,Glock 19 / X300 Ultra OWB Kydex Gun Holster BCA Light Bearing Gun Holster BCA Light Bearing Gun Holster,Bags
671,Simplicity 8884 Misses'/Women's Tops Sewing Pattern Sewing Pattern,Women's Fashion
672,Stanton Dining Chair Pair side chairs side chairs,Outdoor Fun & Sports
673,DRY DOCK CAMMO SHIRT SHIRTS SHIRTS,Bags
674,Colored Pencil Dabber Tool dabber dabber,Jewelry
675,ASTRO Faded Long Sleeve Astro Gaming Astro Gaming,Toys
676,Come Over When You're Sober Pt. 2 T-Shirt T-Shirt T-Shirt,Bags
677,Cream Rouched Bikini Bottoms SWIMWEAR SWIMWEAR,Women's Fashion
678,Shoulder Pouch Backpacks : Accessories Backpacks : Accessories,Jewelry
679,Om Soapstone Oil Diffuser Diffuser Diffuser,Other
680,Steve Madden Maroon Super-Brushed Striped Muffler Scarf W Accessories W Accessories,Bags
681,DKNG Green Wheels Playing Cards Playing Cards,Toys
682,White Shade Cotton Silk Maheshwari Dupatta with Multicolour Woven Border Festival Collection 2019 Festival Collection 2019,Jewelry
683,mellow biodegradable case for Galaxy S10e accessory accessory,Phones & Telecommunications
684,HIA Doors - personalizirana ilustracija za vrata dječje sobe - Dizajn 5 Personalizirana ilustracija Personalizirana ilustracija,Home
685,Lele Infrared Eyewear Eyewear,Women's Fashion
686,OLIVIA - PINK CRYSTAL + TRANSPARENT PINK OLIVIA OLIVIA,Jewelry
687,"Boohoo | Lara Fit Side Stripe Running Legging Women,Clothing,All,Activewear,boohoo.com Women,Clothing,All,Activewear,boohoo.com",Women's Fashion
688,"Balloon Weight, Star, Pink | 1 ct Party Supplies Party Supplies",Jewelry
689,Mini Mite Massager Pipedream New Pipedream New,Computer
690,Ozweego in Trace Cargo Sneakers Sneakers,Bags
691,Leisure - Marble Baby Jesus Rig Dabbing Dabbing,Home Improvement
692,Casual Men'S Canvas  Shoulder Bag Crossbody Bags Crossbody Bags,Bags
693,Beige Camo Twin Stripe And Waist Black Joggers Women-Bottoms Women-Bottoms,Bags
694,Summit Climber's Bibs Women's - Vista MTO MTO,Women's Fashion
695,Kandi158 Fuchsia Cross Open Toe Ankle Strap Espadrille Wedge Wedge Wedge,Jewelry
696,Cargo Sweatpants - Heather Grey Cargo Sweatpants Cargo Sweatpants,Bags
697,SPEEDCRAFT Replacement Lens - Clear Sport Performance Sunglasses Sport Performance Sunglasses,Jewelry
698,Pink Squares on Salt - Candy King E-Juice E-Liquids E-Liquids,Jewelry
699,Movie Masterpiece Rambo 1 Rambo M65 Jacket Ver. Figure Figure,Bags
700,Saddle | Truffle Swatch Swatch,Women's Fashion
701,Performance Mesh Basketweave | Azure Swatch Swatch,Women's Fashion
702,Super Berry with Acai Sample Packette Product Product,"Beauty, Health"
703,Exchange Powerpoint Template Powerpoint Templates Powerpoint Templates,Computer
704,Patti Metal Quick Lock Bunk Bed foundations foundations,Home Improvement
705,Whisper To Me Teal Beaded Earrings Jewelry Jewelry,Jewelry
706,Jenna Marbled Tank Apparel/Tops Apparel/Tops,Women's Fashion
707,F3-14 Leg Extensions DS Unavailable Unavailable,Toys
708,INDO SOLIDS V PLUNGE ONE PIECE Swim One Piece Swim One Piece,Outdoor Fun & Sports
709,Cooling Arm Sleeves UV Protection Unisex For Outdoor Sports (3 Pairs) Outdoor Outdoor,Outdoor Fun & Sports
710,Saika Midi Skirt in Satin Cheetah Khaki by Motel CLOTHING CLOTHING,Home
711,Les Basics Le Demi Zip (Navy) Quarter Zip Sweatshirts Quarter Zip Sweatshirts,Jewelry
712,STRETCH SMALL LOGO TIPPED POLO SHIRT CLEARANCE CLEARANCE,Bags
713,Ready Set Gold Buckled Belt Accessories Accessories,Jewelry
714,LOUIEKNOWS - White Graphic T-Shirts Graphic T-Shirts,Men's Fashion
715,Here Comes the Devil Original Motion Picture Soundtrack Vinyl Vinyl,Toys
716,Bohemian Print Front Button Dress Dress Dress,Women's Fashion
717,Матовые колготки в горошек L1506 Spots Колготки Колготки,Other
718,Small Plastic Flower Pots Pot Pot,Bags
719,Fran Women's Pump - Green Suede/Black Patent M Bruno Magli/Women's Shoes M Bruno Magli/Women's Shoes,Women's Fashion
720,To Tuscany Product Product,Consumer Electronics
721,Comba RH7W22D7848E PS Fiber DAS Class A 700/800MHz MU 4 ports Repeater Repeater,Computer
722,Woven Label Cuff Beanie  Accessories Accessories,Jewelry
723,Daniel Smart Men's Harness Boot-PU Insole motorcycle boots motorcycle boots,Bags
724,Wash Bottle Laboratory Equipment Laboratory Equipment,Consumer Electronics
725,Grape Hyacinth Blue 'Armeniacum' Grape Hyacinth Grape Hyacinth,Bags
726,Sweet Tobacco - I Love Salts E-Juice E-Liquids E-Liquids,"Beauty, Health"
727,Northcott Shiver Me Whiskers 23027 74 Green Pirate Maps By The Yard Fabric Fabric,Home
728,Silver Flower Gem Drop Earring Earrings Earrings,Jewelry
729,NEW RADICALS DRESS DRESSES DRESSES,Women's Fashion
730,Craft Pullover Hoodie TOPS TOPS,Bags
731,"Haină groasă și călduroasă pentru bărbați, din piele ecologică și căptușeală din pluș, haină cu rever potrivită pentru sezonul de iarnă Jachete & Haine Barbati Jachete & Haine Barbati",Women's Fashion
732,VICAR CROSS Stainless Steel Pendant Chain Necklace for Men Pendant Necklace Pendant Necklace,Jewelry
733,Coconut Chums Monkey Mischief® Classic Accents® Variety Pack Classic Accents® Variety Pack Classic Accents® Variety Pack,Bags
734,FINN - ROSE CRYSTAL + BLUE LIGHT TECHNOLOGY Blue Light Blue Light,Consumer Electronics
735,Gold Plated 7mm Cubic Zirconia Stud Earrings Earrings,Jewelry
736,Gigantic Pepperoni Pizza Beach Blanket Towel 152cm BigMouth BigMouth,Jewelry
737,Diamante Padlock Earrings Accessories Accessories,Jewelry
738,Stylish Anthracite Silk Leggings Leggings Leggings,Women's Fashion
739,76206-011-M | OUTDOORSY STRAP | TITANIUM FOOTWEAR FOOTWEAR,Women's Fashion
740,"La Rosa 16"" Basick Solo Seat Rustic Leather Cross Solo Seat Solo Seat",Bags
741,Funn-32 Sandals Sandals,Jewelry
742,Angled Diamond Pillow Cover - Ivory PILLOWS PILLOWS,Jewelry
743,172600-008 | BOX GRAPHIC FLAME | BLACK APPAREL APPAREL,Women's Fashion
744,Craft Instant Shine - 3 oz. Angelus Angelus,Bags
745,"Rochie elegantă pentru femei, cu decolteu rotund și mânecă lungă Rochii Femei Rochii Femei",Other
746,Auto Club Auto Club Auto Club,Outdoor Fun & Sports
747,Stay Humble Washed Tunic Top - Black Wash Screen Tops Screen Tops,Women's Fashion
748,Skar Audio Black Carabiner Keychain with Bottle Opener Accessories - Keychains Accessories - Keychains,Jewelry
749,DITSY FLORAL PRINTED POLY DRESS Womens Dress & Jumpsuit Womens Dress & Jumpsuit,Women's Fashion
750,American Punshier Car Decal Car Stickers Car Stickers,Jewelry
751,Angstrom Valk 2 M 2x2 2x2,Other
752,White Rose Green Premium Mobile Sling Bag Premium Mobile Sling Bag Premium Mobile Sling Bag,Bags
753,Mapale Strappy Lace Two Piece Set 8290 Sleepwear Sleepwear,Women's Fashion
754,Carmina Jumper Boots 80179 Soller Brown Vegano Shoes Shoes,Jewelry
755,FREDA【WHITE】 Flats Flats,Women's Fashion
756,Animal Feet Printed Socks Socks Socks,Jewelry
757,Luminous Inline Tree Perc Bong bong bong,Bags
758,Jet Lagged Dark Grey Pullover Tops Tops,Women's Fashion
759,I've Never Been In Love Before - for Piano Piano Piano,Computer
760,Zima Leto Women's Astrix Print Knitted Dress Dresses Dresses,Women's Fashion
761,Wonderchef Diva Essentials Cookware Cookware,Home Improvement
762,Ales  New men's stereotype shoulder bag Crossbody Bags Crossbody Bags,Bags
763,Lionel Cotton Tie Dye Ruffle Tee Short Sleeve Top Short Sleeve Top,Bags
764,Aplatir - Black Ceramic flat-iron flat-iron,Home Improvement
765,Busch Latte Season Tee T-Shirt T-Shirt,Bags
766,Add Black Label Arm Warmers OPTIONS_HIDDEN_PRODUCT OPTIONS_HIDDEN_PRODUCT,Men's Fashion
767,"PRE-ORDER: Funko Pop! Disney: The Santa Clause - Santa w/ Lights (Late 2019) Preorders, Disney Preorders, Disney",Toys
768,Hublot King Power | Titanium | 48 Mm High End Watch High End Watch,Bags
769,Myle Tropical Fruit Mix Pods 4 Pack Replacement Pods Replacement Pods,Bags
770,ALLERGIES Homeopathic Remedy Homeopathic Remedy,"Beauty, Health"
771,Custom options for Molly: All American Sex Doll mw_product_option mw_product_option,Home Improvement
772,Speedy Meat Vegetable Grinder with Pulling Handle-2113 Choppers & Grinders Choppers & Grinders,Home
773,Damen Flacheschuhe mit hohem Absatz shoes shoes,Jewelry
774,Sanyo PLC-HF1000L Assembly Lamp with High Quality Projector Bulb Inside Projector Lamps Projector Lamps,Consumer Electronics
775,Two Invisible Socks . Grey Melange BR BR,Home Improvement
776,Watermelon Kiwi Kandy 120mL EJuice EJuice,Outdoor Fun & Sports
777,Undercover Climbers Sneakers Footwear Footwear,Men's Fashion
778,DORÉ by LeTAO Fromage Pot - 2 Jars Kue Kue,Home
779,Under Repair Playmat Playmat Playmat,Home
780,Sensationnel 100% Human Hair 4x4 Swiss Lace Wig - NATURAL YAKI Human Hair Wigs Human Hair Wigs,Women's Fashion
781,#05 Burning Liquid Eyeshadow Liquid Eyeshadow,Consumer Electronics
782,G Pen Connect Battery G Pen Connect G Pen Connect,Bags
783,Ready Hour Foot Soak (3 packs) Survival Gear Survival Gear,Toys
784,Mercedes Zetros Toddler Remote Control Ride On 2 Seat Versatility Truck Remote Control Ride On Car Remote Control Ride On Car,Automobiles & Motorcycles
785,Argon Moccasins Moccasins,Jewelry
786,Gymshark Raid T-shirt - White Mens T-Shirt Mens T-Shirt,Bags
787,SB16-Ultra - Piano Gloss - Outlet - 5193 Subwoofer Outlet Subwoofer Outlet,Jewelry
788,SILVER GOLDEN AESTHETIC RINGS CHAINS BELT belt belt,Jewelry
789,Citrine Mini Energy Gemstone Bracelet Bracelet Bracelet,Jewelry
790,"La Rosa 16"" Spade Inlay Classic Solo Seat Solo Seat Solo Seat",Automobiles & Motorcycles
791,Pacha Mama Apple Tobacco E-Liquid E-Liquid,Consumer Electronics
792,Watermelon Canyon Tee Variable Variable,Outdoor Fun & Sports
793,Natural Body Lotion : Fragrance-free : Natural protection Natural Body Lotion Natural Body Lotion,"Beauty, Health"
794,WOLF 308302 Marrakesh Flat Jewelry Box Black Jewelry Boxes Jewelry Boxes,Jewelry
795,BI-GREY CAREY SILVER Sunglasses Sunglasses,Jewelry
796,Batista Bman156 Accesorii barbati Accesorii barbati,Other
797,Strawberry Quartz Crystal Crystal,Jewelry
798,The Salty One Strawberry - Beard E-Juice [Nic Salt Version] E-Liquids E-Liquids,"Beauty, Health"
799,Preschool Teacher Bracelet Charm Bracelets Charm Bracelets,Jewelry
800,"The Uncut D 9"" ULTRASKYN Dildo with Balls Dildo Sex Toys > Realistic Dildos Dildo Sex Toys > Realistic Dildos",Toys
801,The Celine - Rose Gold Necklace Necklace,Jewelry
802,Arctic Zone Dual Compartment Lunch Pack ~Sapphire Blue( NEW) Insulated lunch bag Insulated lunch bag,Bags
803,Ducky Female Bowl Piece Bowl Bowl,Jewelry
804,ENDEAVOR ANORAK Clothing Clothing,Women's Fashion
805,HP0210 Electric Heated Neck Scarf Heated scarf Heated scarf,Bags
806,Pot-O-Coffee CBD K-Cup® - Wake N Bake CBD CBD,Bags
807,Off-White Diagonal Printed Hoodie Hoodie Hoodie,Bags
808,3-13mm HSS Titanium Coated Step Drill Bit 3-13mm HSS Titanium Coated Step Drill Bit 3-13mm HSS Titanium Coated Step Drill Bit,Computer
809,Barocco Homme Print Reversible Gilet Coats and Jackets Coats and Jackets,Men's Fashion
810,Airpower Polar Bear Family Christmas Inflatables Christmas Inflatables,Toys
811,A-150 Stereo Power Amplifier Stereo Power Amplifier,Computer
812,Natural Baby Bottle & Dishwashing Foam : Fragrance-free Dishwashing Liquid Dishwashing Liquid,Bags
813,Eye Warned You So! Double Matte Eyeliner 01 Black Swan (Black) + Arch Arrival Brow Definer - 03 Woody Scooby Value Set Value set Value set,Women's Fashion
814,Lavender & Rose Body Wash Body Wash,"Beauty, Health"
815,NOTHING COMPARES TO YOU Jumpsuit Jumpsuit Jumpsuit,Jewelry
816,Dendroica Original Art Original Art,Men's Fashion
817,Eyeglasses Blue Light Protection OPTIONS_HIDDEN_PRODUCT OPTIONS_HIDDEN_PRODUCT,Bags
818,x Ader Error TRAILFOX OVERLAND Shoes Shoes,Jewelry
819,QUEEN BED beds beds,Home Improvement
820,PACIFIC RINK MEN'S FACE OFF T SHIRT T-Shirts & Shirts T-Shirts & Shirts,Men's Fashion
821,Space Dragon - Rug Rugs Rugs,Jewelry
822,Free Psd Product Packaging Box Mockup Packaging Packaging,Consumer Electronics
823,New Era Sacramento Kings 9FIFTY 19' Tip Off Snapback Grey Snapback Snapback,Outdoor Fun & Sports
824,The Short Sleeve California in Melange Plaid Shirts Shirts,Men's Fashion
825,IOLITE RING Gold and Silver Celtic Knot Mens Ring by Keith Jack Ring Ring,Home
826,Serta iDirections Foam Elite X8 Ultra Plush Mattress Mattresses Mattresses,Home Improvement
827,Dish Washing Detergent (Lemongrass) Dishwashing Dishwashing,Home
828,Tropical Punch - Flavorah Flavour Concentrates Flavour Concentrates,Other
829,Ann Sunglasses Sunglasses Women Sunglasses Women,Jewelry
830,OFF-WHITE x Rimowa Transparent Carry-On Case Clear Accessories Accessories,Women's Fashion
831,CHICAGO BEARS BRAIN FREEZE '47 CUFF KNIT HDW HDW,Jewelry
832,Frosted Venus XS | EYESHADOW PALETTE COSMETICS COSMETICS,Women's Fashion
833,Free Professional Resume CV Template in Illustrator (AI) Format CV CV,Computer
834,The Star-Spangled Banner - Bb Bass Clarinet Legacy Edition Legacy Edition,Toys
835,"Hanuman Chalisa / Sri Raama Gaanamrutham ( Telugu Devotional ) M. S. Rama Rao , P. Susheela & S. P. Balasubramaniam Audio CD Audio CD",Computer
836,Drop Line PVC Patch ACCESSORIES ACCESSORIES,Jewelry
837,Camiseta Baby Look - Guitar Color camiseta sustentável manga curta camiseta sustentável manga curta,Toys
838,Represent + LESSONS Capsule Shirt SHIRT SHIRT,Bags
839,Nightmare Gothic - Posters & Prints Posters & Prints Posters & Prints,Women's Fashion
840,Descendant Elite Saber Elite Saber,Toys
841,Blessed with Success Hoodie IND FLEECE IND FLEECE,Bags
842,Kryolan UV DayGlo Spray Styling Tools Styling Tools,Women's Fashion
843,Afends Mens Norm Core - Hemp Fixed Waist Boardshort - Black Mens Shorts - Boardshorts Mens Shorts - Boardshorts,Computer
844,IUNIK - Black Snail Restore Serum Serum Serum,Bags
845,"Magnifica 240g 24"" Walnut Brown (3) Hair Extensions 240g 24"" 100% Human Remy Hair 240g 24"" 100% Human Remy Hair","Beauty, Health"
846,BRUCE Athleisure Athleisure,Men's Fashion
847,"Steering Wheel Cover Leather 15"" Anti Slip Wheel Wrap Auto Accessories Auto Accessories",Jewelry
848,Bold Brocade Wallpaper in Blue and Grey from the Impressionist Collection by York Wallcoverings Wallpaper Wallpaper,Home
849,SHIRT ER-52 Luxury Pret Luxury Pret,Bags
850,Test Of Time Embroidered Lace Kimono - Rust Open Front Open Front,Jewelry
851,Queen of Hearts Poster Poster,Women's Fashion
852,Aponogeton Ulvaceus Live Plants Live Plants,Toys
853,B&W 800 D3 Loudspeaker (each) Loudspeakers Loudspeakers,Other
854,Mac Duggal Fabulouss 77533K Dress Dress Dress,Women's Fashion
855,"SCG - 10"" Bent Neck Showerhead Diffuser 65x5MM - 14MM Female Water Pipe Water Pipe",Jewelry
856,50 DENIER CURVY FOREST GREEN TIGHTS Hosiery Hosiery,Women's Fashion
857,Bokashi Bran Compost Accelerator Garden Supplies Garden Supplies,Home Improvement
858,Yellow Gold Classic Diamond Mens Wedding Band | 0.12 Carats (Emiliano) Yellow Wedding Band Yellow Wedding Band,Jewelry
859,Casual Pump with Contrasting Overlay - NAP1901 / 146 493 Shoes Shoes,Women's Fashion
860,ENAMORED JACKET Jacket Jacket,Bags
861,The Animals Observatory TAO Starfish Babies Hat - Navy HAT HAT,Bags
862,Dring - Burgundy Men Knits Men Knits,Women's Fashion
863,I ♥ Metal™ Embossed Terrific Labels™ Variety Pack Terrific Labels™ Variety Pack Terrific Labels™ Variety Pack,Men's Fashion
864,Ice Shot Glass Mold Ice Cream Tubs Ice Cream Tubs,Outdoor Fun & Sports
865,Cubic Zirconia Helix Cartilage Ear Lobe Piercing Conch Daith Earrings Earrings,Jewelry
866,Neon On-Ear Headphones Audio Headphones Audio Headphones,Computer
867,Cadie Mini Skirt - Houndstooth Skirts Skirts,Women's Fashion
868,"Zob - 18"" Inline Beaker Bong Bongs Bongs",Jewelry
869,University of Florida Tumbler Collegiate Collegiate,Outdoor Fun & Sports
870,Amnesia Core Cut Indiva Indiva,Computer
871,Jordan Jesse Go! Summer Boys 2019 Poster Art Art,Men's Fashion
872,Hot Pot - Midnight Blue Hot Pots Hot Pots,Outdoor Fun & Sports
873,Body Metálico de Un Tirante Apparel Apparel,Women's Fashion
874,Spenco Women's Sandals Footwear Footwear,Women's Fashion
875,Sexy Polka Dot V-Neck Single-Breasted Chiffon Dress Mini Dress Mini Dress,Women's Fashion
876,Tapis de Yoga 6mm antidérapant - 3 couleurs disponibles Tapis Tapis,"Beauty, Health"
877,Young in the Mountains Selene Studs Earrings Earrings,Jewelry
878,Sriracha Bottle Label T-Shirt T-Shirts T-Shirts,Men's Fashion
879,Dragon Slayer Blanket Blankets Blankets,Toys
880,Punk Gothic Skull Stainless Steel Bracelet Charm Bracelets Charm Bracelets,Jewelry
